,0,1,2,3,4,5,6,7,8,9,10,11,12,13,14,15,16,17,18,19,20,21,22,23,24,25,26,27,28,29,30,31,32,33,34,35,36,37,38,39,40,41,42,43,44,45,46,47,48,49,50,51,52,53,54,55,56,57,58,59,60,61,62,63,64,65,66,67,68,69,70,71,72,73,74,75,76,77,78,79,80,81,82,83,84,85,86,87,88,89,90,91,92,93,94,95,96,97,98,99,time
0,501.0,2905.0,433.0,3788.0,2624.0,1296.0,1253.0,978.0,1685.0,540.0,1595.0,1134.0,914.0,749.0,1310.0,1429.0,1486.0,2374.0,1101.0,638.0,1294.0,593.0,1790.0,732.0,869.0,857.0,2023.0,407.0,900.0,978.0,1771.0,1796.0,1771.0,831.0,1902.0,1744.0,605.0,759.0,3552.0,1786.0,1831.0,749.0,425.0,1503.0,890.0,1569.0,554.0,1943.0,565.0,1720.0,1310.0,532.0,902.0,323.0,1431.0,1921.0,1556.0,1279.0,1953.0,922.0,827.0,894.0,1833.0,970.0,1798.0,2327.0,663.0,2444.0,1000000.0,1000000.0,2234.0,1365.0,384.0,968.0,1782.0,1081.0,2179.0,853.0,619.0,1669.0,849.0,1638.0,813.0,1530.0,1257.0,1851.0,1063.0,1841.0,980.0,624.0,1363.0,1167.0,784.0,2224.0,773.0,800.0,1474.0,1000000.0,1943.0,792.0,10
1,1152.0,1196.0,1983.0,2079.0,1869.0,947.0,790.0,1000000.0,742.0,751.0,1029.0,1361.0,810.0,1759.0,763.0,2173.0,2204.0,2935.0,798.0,488.0,2648.0,1941.0,959.0,492.0,2311.0,1946.0,1575.0,1532.0,632.0,998.0,1863.0,1530.0,417.0,2363.0,1609.0,417.0,2411.0,928.0,2019.0,1478.0,1130.0,2329.0,1249.0,1236.0,1212.0,1327.0,1323.0,1621.0,1827.0,2298.0,1236.0,1000000.0,714.0,825.0,950.0,1117.0,843.0,1591.0,2460.0,1724.0,2638.0,2159.0,1983.0,947.0,294.0,466.0,748.0,538.0,1000000.0,934.0,1000000.0,1829.0,1490.0,3146.0,1527.0,1167.0,837.0,775.0,398.0,1212.0,2341.0,1405.0,1218.0,1932.0,1376.0,3036.0,2054.0,1087.0,948.0,1490.0,950.0,1621.0,1000000.0,926.0,1726.0,1955.0,1706.0,813.0,1398.0,1460.0,20
2,1265.0,1841.0,943.0,955.0,1581.0,985.0,1609.0,1888.0,1296.0,811.0,1259.0,688.0,579.0,1349.0,2896.0,1484.0,2561.0,1486.0,1941.0,1499.0,1128.0,965.0,712.0,763.0,751.0,761.0,1638.0,1000000.0,871.0,1871.0,1378.0,915.0,841.0,1792.0,847.0,1607.0,1400.0,734.0,919.0,1042.0,963.0,771.0,763.0,433.0,2587.0,577.0,2279.0,688.0,1802.0,1376.0,788.0,1597.0,1790.0,869.0,710.0,2378.0,573.0,1310.0,2496.0,909.0,780.0,1280.0,1573.0,1716.0,912.0,896.0,2694.0,685.0,839.0,1126.0,1386.0,1386.0,1165.0,1902.0,742.0,1384.0,1599.0,1734.0,794.0,931.0,913.0,1484.0,3394.0,906.0,933.0,661.0,1536.0,865.0,960.0,1413.0,1619.0,910.0,1150.0,1341.0,1470.0,1109.0,2681.0,1454.0,916.0,986.0,30
3,556.0,775.0,1644.0,1249.0,1511.0,1038.0,1251.0,621.0,1460.0,1486.0,869.0,663.0,702.0,1499.0,1969.0,777.0,821.0,1185.0,1636.0,515.0,1654.0,1093.0,1015.0,773.0,1955.0,930.0,1456.0,630.0,1458.0,929.0,931.0,1519.0,1220.0,3558.0,2046.0,1302.0,1019.0,949.0,949.0,589.0,1517.0,979.0,1277.0,823.0,542.0,1091.0,494.0,863.0,944.0,900.0,925.0,1286.0,1554.0,2050.0,1378.0,1310.0,931.0,1132.0,1099.0,1105.0,1335.0,919.0,1579.0,1933.0,2236.0,1000000.0,995.0,540.0,353.0,1349.0,1138.0,1936.0,1648.0,761.0,829.0,915.0,947.0,1679.0,1859.0,1855.0,922.0,1926.0,763.0,640.0,798.0,771.0,1499.0,599.0,1236.0,1765.0,1315.0,1698.0,585.0,2013.0,1107.0,873.0,1550.0,501.0,911.0,624.0,40
4,1718.0,1265.0,1212.0,746.0,980.0,587.0,534.0,1431.0,712.0,980.0,677.0,1503.0,1251.0,960.0,1121.0,810.0,888.0,1105.0,800.0,1052.0,2183.0,976.0,742.0,503.0,934.0,945.0,1000000.0,1095.0,861.0,1034.0,1667.0,955.0,1786.0,904.0,1222.0,1748.0,636.0,1000000.0,1554.0,1198.0,757.0,859.0,1458.0,1109.0,367.0,986.0,1251.0,1155.0,1880.0,440.0,806.0,1796.0,1367.0,1855.0,927.0,956.0,761.0,888.0,886.0,415.0,714.0,991.0,1058.0,1259.0,1859.0,548.0,1365.0,1126.0,2556.0,929.0,605.0,1462.0,1999.0,1361.0,890.0,863.0,1435.0,1638.0,1073.0,1279.0,765.0,1282.0,1000000.0,1444.0,955.0,634.0,790.0,975.0,765.0,1931.0,1019.0,935.0,1130.0,1119.0,1874.0,1716.0,965.0,1011.0,575.0,847.0,50
5,1638.0,775.0,898.0,1613.0,667.0,1939.0,1609.0,773.0,1369.0,538.0,423.0,1548.0,804.0,804.0,1724.0,1198.0,1815.0,1517.0,679.0,1714.0,1167.0,1405.0,1409.0,958.0,909.0,1888.0,1685.0,911.0,1413.0,1779.0,992.0,1786.0,2450.0,880.0,665.0,857.0,751.0,1847.0,657.0,738.0,1767.0,1097.0,863.0,1561.0,597.0,1198.0,744.0,1892.0,613.0,968.0,784.0,898.0,1583.0,1019.0,1977.0,634.0,948.0,1169.0,452.0,1212.0,1177.0,1040.0,722.0,973.0,1054.0,755.0,1425.0,936.0,888.0,548.0,1124.0,892.0,798.0,821.0,969.0,1573.0,640.0,659.0,829.0,736.0,1571.0,767.0,591.0,930.0,1873.0,460.0,1343.0,939.0,2683.0,1851.0,1304.0,841.0,1325.0,904.0,782.0,319.0,804.0,1165.0,928.0,947.0,60
6,638.0,880.0,1253.0,496.0,636.0,950.0,1134.0,456.0,720.0,607.0,839.0,943.0,404.0,888.0,888.0,1121.0,804.0,1839.0,1185.0,1519.0,831.0,782.0,867.0,1029.0,1484.0,1232.0,718.0,474.0,978.0,724.0,839.0,1095.0,841.0,571.0,867.0,484.0,1240.0,1255.0,1734.0,480.0,871.0,1331.0,669.0,775.0,650.0,640.0,1007.0,751.0,1095.0,825.0,435.0,652.0,734.0,402.0,825.0,767.0,728.0,902.0,431.0,1212.0,1786.0,1486.0,2052.0,718.0,865.0,806.0,659.0,934.0,876.0,675.0,417.0,751.0,696.0,538.0,1390.0,918.0,1029.0,851.0,804.0,1542.0,1538.0,677.0,926.0,947.0,819.0,1611.0,1275.0,915.0,698.0,1000000.0,1183.0,509.0,1067.0,777.0,964.0,928.0,638.0,700.0,765.0,833.0,70
7,914.0,552.0,1036.0,755.0,1321.0,1376.0,679.0,961.0,938.0,1192.0,951.0,965.0,1019.0,871.0,650.0,1081.0,490.0,534.0,825.0,728.0,777.0,978.0,751.0,988.0,933.0,1183.0,1224.0,720.0,813.0,615.0,558.0,636.0,1288.0,1144.0,552.0,498.0,396.0,661.0,1538.0,263.0,914.0,1220.0,521.0,571.0,964.0,636.0,720.0,1869.0,1492.0,871.0,1011.0,835.0,1019.0,1423.0,1968.0,1277.0,786.0,900.0,419.0,1091.0,884.0,1738.0,978.0,775.0,1009.0,1124.0,1095.0,749.0,833.0,1581.0,669.0,1577.0,671.0,615.0,698.0,720.0,411.0,1884.0,751.0,981.0,349.0,997.0,1017.0,628.0,1609.0,751.0,941.0,1000000.0,1591.0,716.0,907.0,529.0,863.0,839.0,1000000.0,1509.0,1136.0,692.0,914.0,1007.0,80
8,696.0,688.0,906.0,1183.0,1661.0,1040.0,663.0,919.0,417.0,1577.0,833.0,583.0,984.0,317.0,623.0,605.0,833.0,527.0,1269.0,273.0,1126.0,628.0,595.0,474.0,869.0,1142.0,936.0,1183.0,339.0,946.0,825.0,997.0,1347.0,619.0,771.0,926.0,1569.0,716.0,1244.0,642.0,529.0,835.0,708.0,755.0,569.0,890.0,977.0,920.0,652.0,636.0,468.0,517.0,644.0,505.0,665.0,462.0,722.0,386.0,587.0,323.0,335.0,644.0,823.0,1171.0,1722.0,623.0,738.0,831.0,971.0,1220.0,833.0,1175.0,888.0,777.0,967.0,798.0,681.0,554.0,571.0,1192.0,384.0,532.0,494.0,841.0,790.0,1492.0,1226.0,849.0,712.0,1939.0,480.0,673.0,444.0,927.0,367.0,989.0,786.0,1732.0,819.0,605.0,90
9,601.0,681.0,373.0,617.0,863.0,589.0,311.0,567.0,642.0,615.0,433.0,873.0,806.0,273.0,1686.0,319.0,436.0,843.0,404.0,505.0,542.0,242.0,663.0,708.0,442.0,480.0,874.0,946.0,837.0,382.0,343.0,710.0,456.0,419.0,867.0,767.0,755.0,710.0,685.0,788.0,224.0,710.0,369.0,446.0,880.0,523.0,423.0,484.0,827.0,1101.0,985.0,404.0,991.0,609.0,394.0,462.0,1371.0,865.0,490.0,940.0,679.0,644.0,525.0,365.0,748.0,977.0,351.0,823.0,482.0,351.0,411.0,989.0,779.0,1095.0,710.0,415.0,823.0,460.0,563.0,759.0,496.0,431.0,722.0,994.0,843.0,1244.0,464.0,882.0,417.0,579.0,444.0,1482.0,904.0,460.0,953.0,525.0,886.0,490.0,302.0,486.0,100
10,869.0,710.0,402.0,626.0,886.0,808.0,517.0,1089.0,634.0,290.0,819.0,718.0,438.0,415.0,444.0,329.0,926.0,478.0,388.0,992.0,786.0,595.0,571.0,667.0,769.0,718.0,519.0,380.0,253.0,961.0,494.0,920.0,388.0,490.0,926.0,876.0,400.0,253.0,448.0,454.0,486.0,523.0,726.0,601.0,361.0,390.0,930.0,311.0,788.0,1146.0,878.0,617.0,910.0,359.0,928.0,728.0,952.0,995.0,1063.0,630.0,894.0,688.0,284.0,892.0,331.0,941.0,373.0,503.0,585.0,597.0,1163.0,452.0,636.0,607.0,460.0,398.0,1373.0,554.0,446.0,941.0,773.0,669.0,720.0,507.0,679.0,700.0,521.0,718.0,1232.0,435.0,556.0,780.0,744.0,498.0,402.0,782.0,661.0,888.0,544.0,513.0,110
11,712.0,546.0,402.0,429.0,786.0,971.0,190.0,959.0,987.0,969.0,892.0,661.0,499.0,415.0,894.0,597.0,359.0,958.0,947.0,928.0,638.0,692.0,425.0,392.0,492.0,630.0,661.0,775.0,736.0,341.0,509.0,446.0,650.0,376.0,800.0,995.0,786.0,378.0,749.0,452.0,765.0,464.0,248.0,288.0,724.0,581.0,248.0,579.0,686.0,688.0,638.0,353.0,363.0,419.0,1288.0,632.0,654.0,657.0,1173.0,659.0,321.0,413.0,638.0,357.0,480.0,595.0,359.0,698.0,706.0,190.0,400.0,386.0,468.0,609.0,871.0,865.0,224.0,423.0,800.0,480.0,490.0,1548.0,440.0,788.0,742.0,357.0,476.0,569.0,873.0,394.0,593.0,311.0,661.0,427.0,563.0,523.0,361.0,587.0,738.0,930.0,120
12,792.0,450.0,490.0,934.0,152.0,628.0,507.0,496.0,382.0,853.0,468.0,460.0,677.0,665.0,597.0,726.0,371.0,1749.0,298.0,646.0,773.0,771.0,421.0,343.0,144.0,953.0,710.0,569.0,361.0,613.0,556.0,244.0,402.0,396.0,558.0,292.0,577.0,357.0,501.0,611.0,583.0,603.0,550.0,798.0,569.0,438.0,456.0,900.0,523.0,558.0,552.0,119.0,341.0,617.0,190.0,313.0,648.0,742.0,763.0,361.0,505.0,650.0,706.0,554.0,667.0,343.0,230.0,945.0,298.0,732.0,267.0,421.0,708.0,587.0,569.0,327.0,628.0,490.0,790.0,329.0,983.0,688.0,222.0,371.0,462.0,269.0,376.0,677.0,694.0,613.0,527.0,427.0,544.0,454.0,513.0,450.0,556.0,1186.0,593.0,290.0,130
13,763.0,480.0,407.0,288.0,517.0,200.0,965.0,546.0,321.0,232.0,665.0,714.0,896.0,761.0,642.0,257.0,355.0,234.0,871.0,595.0,619.0,284.0,302.0,681.0,464.0,224.0,325.0,686.0,728.0,400.0,394.0,240.0,601.0,212.0,359.0,404.0,452.0,232.0,529.0,519.0,829.0,536.0,186.0,505.0,884.0,527.0,384.0,267.0,808.0,192.0,357.0,890.0,517.0,849.0,640.0,462.0,710.0,190.0,823.0,482.0,317.0,388.0,427.0,821.0,462.0,782.0,183.0,460.0,490.0,202.0,494.0,224.0,228.0,371.0,236.0,376.0,619.0,304.0,591.0,863.0,675.0,398.0,198.0,589.0,419.0,765.0,173.0,369.0,396.0,468.0,423.0,490.0,288.0,392.0,563.0,423.0,228.0,192.0,409.0,712.0,140
14,726.0,273.0,311.0,355.0,181.0,652.0,323.0,532.0,396.0,363.0,540.0,452.0,716.0,655.0,867.0,417.0,804.0,517.0,527.0,384.0,405.0,429.0,353.0,347.0,749.0,544.0,650.0,220.0,436.0,261.0,398.0,951.0,265.0,718.0,730.0,300.0,452.0,117.0,308.0,298.0,918.0,398.0,222.0,261.0,146.0,554.0,438.0,681.0,442.0,175.0,306.0,402.0,419.0,444.0,279.0,331.0,466.0,640.0,597.0,361.0,626.0,515.0,188.0,402.0,429.0,683.0,456.0,806.0,597.0,431.0,284.0,452.0,847.0,436.0,550.0,216.0,185.0,386.0,134.0,339.0,261.0,349.0,712.0,374.0,1179.0,527.0,294.0,448.0,269.0,829.0,273.0,228.0,474.0,498.0,961.0,306.0,902.0,220.0,392.0,476.0,150
15,478.0,317.0,642.0,378.0,409.0,298.0,601.0,343.0,591.0,435.0,365.0,486.0,788.0,534.0,456.0,228.0,436.0,357.0,567.0,155.0,472.0,628.0,456.0,415.0,325.0,394.0,503.0,509.0,440.0,339.0,339.0,587.0,308.0,367.0,742.0,669.0,630.0,155.0,530.0,683.0,669.0,357.0,784.0,484.0,228.0,421.0,313.0,690.0,515.0,394.0,619.0,782.0,657.0,628.0,148.0,605.0,152.0,333.0,579.0,742.0,304.0,238.0,632.0,511.0,825.0,280.0,607.0,607.0,738.0,423.0,220.0,339.0,240.0,488.0,534.0,325.0,339.0,341.0,569.0,236.0,327.0,398.0,373.0,308.0,496.0,405.0,525.0,261.0,374.0,456.0,367.0,353.0,619.0,192.0,157.0,177.0,544.0,529.0,382.0,558.0,160
16,349.0,790.0,398.0,398.0,331.0,503.0,478.0,444.0,632.0,767.0,273.0,396.0,101.0,343.0,1083.0,101.0,677.0,339.0,310.0,442.0,400.0,480.0,527.0,407.0,192.0,363.0,224.0,275.0,419.0,288.0,236.0,515.0,315.0,343.0,423.0,470.0,621.0,466.0,279.0,103.0,121.0,567.0,234.0,712.0,200.0,65.0,248.0,249.0,730.0,121.0,415.0,105.0,442.0,630.0,317.0,335.0,371.0,763.0,382.0,335.0,206.0,446.0,402.0,365.0,121.0,169.0,415.0,751.0,355.0,282.0,480.0,425.0,615.0,341.0,117.0,226.0,304.0,311.0,650.0,230.0,470.0,126.0,628.0,302.0,536.0,523.0,317.0,450.0,394.0,384.0,646.0,202.0,478.0,402.0,246.0,357.0,148.0,386.0,220.0,240.0,170
17,200.0,869.0,306.0,359.0,440.0,290.0,540.0,337.0,736.0,267.0,396.0,402.0,446.0,480.0,192.0,398.0,724.0,702.0,499.0,462.0,271.0,267.0,212.0,624.0,369.0,503.0,499.0,167.0,185.0,402.0,589.0,657.0,323.0,185.0,345.0,152.0,290.0,554.0,569.0,113.0,130.0,440.0,325.0,376.0,327.0,93.0,740.0,308.0,411.0,248.0,298.0,380.0,323.0,536.0,652.0,700.0,123.0,232.0,450.0,817.0,873.0,279.0,390.0,210.0,267.0,419.0,363.0,181.0,128.0,317.0,138.0,788.0,321.0,296.0,673.0,503.0,152.0,351.0,279.0,319.0,423.0,728.0,300.0,436.0,175.0,222.0,548.0,290.0,585.0,357.0,142.0,740.0,365.0,398.0,232.0,589.0,659.0,367.0,347.0,955.0,180
18,436.0,505.0,300.0,847.0,190.0,427.0,611.0,242.0,259.0,345.0,859.0,335.0,277.0,246.0,214.0,246.0,759.0,567.0,433.0,361.0,374.0,101.0,79.0,154.0,353.0,259.0,220.0,290.0,710.0,323.0,392.0,371.0,450.0,230.0,378.0,345.0,171.0,99.0,313.0,359.0,208.0,214.0,230.0,355.0,286.0,482.0,609.0,97.0,442.0,784.0,317.0,563.0,230.0,378.0,200.0,468.0,157.0,273.0,376.0,396.0,652.0,315.0,367.0,429.0,486.0,382.0,175.0,595.0,210.0,175.0,319.0,494.0,251.0,251.0,315.0,341.0,527.0,456.0,236.0,267.0,482.0,587.0,544.0,259.0,380.0,329.0,388.0,277.0,384.0,409.0,259.0,339.0,128.0,353.0,253.0,183.0,319.0,67.0,433.0,302.0,190
19,464.0,734.0,720.0,267.0,376.0,280.0,369.0,300.0,282.0,347.0,390.0,376.0,392.0,290.0,226.0,573.0,363.0,294.0,503.0,190.0,337.0,388.0,472.0,279.0,319.0,440.0,468.0,290.0,411.0,349.0,206.0,404.0,702.0,347.0,198.0,317.0,157.0,369.0,367.0,226.0,390.0,331.0,134.0,444.0,148.0,845.0,402.0,734.0,267.0,183.0,865.0,319.0,402.0,236.0,321.0,277.0,304.0,407.0,675.0,263.0,200.0,148.0,501.0,263.0,567.0,81.0,208.0,482.0,263.0,630.0,444.0,224.0,544.0,273.0,363.0,279.0,482.0,190.0,190.0,456.0,163.0,472.0,111.0,726.0,83.0,415.0,579.0,190.0,552.0,253.0,523.0,216.0,290.0,558.0,111.0,392.0,529.0,204.0,173.0,476.0,200
20,417.0,196.0,275.0,134.0,267.0,339.0,720.0,210.0,333.0,157.0,128.0,190.0,134.0,208.0,515.0,427.0,240.0,359.0,244.0,154.0,146.0,409.0,496.0,388.0,132.0,165.0,177.0,486.0,456.0,492.0,343.0,384.0,169.0,386.0,240.0,175.0,315.0,371.0,353.0,423.0,484.0,511.0,359.0,601.0,214.0,351.0,183.0,196.0,214.0,296.0,431.0,275.0,300.0,456.0,400.0,169.0,530.0,257.0,351.0,470.0,81.0,226.0,353.0,196.0,327.0,200.0,345.0,251.0,490.0,413.0,474.0,323.0,190.0,224.0,200.0,550.0,136.0,214.0,306.0,561.0,642.0,337.0,159.0,232.0,529.0,242.0,185.0,349.0,331.0,349.0,244.0,198.0,222.0,269.0,546.0,146.0,400.0,220.0,351.0,179.0,210
21,355.0,163.0,265.0,161.0,922.0,407.0,345.0,468.0,200.0,378.0,273.0,167.0,121.0,341.0,376.0,146.0,440.0,224.0,175.0,349.0,240.0,169.0,325.0,286.0,238.0,484.0,468.0,433.0,111.0,355.0,494.0,228.0,311.0,208.0,146.0,384.0,242.0,148.0,77.0,339.0,388.0,175.0,204.0,411.0,167.0,154.0,468.0,142.0,97.0,246.0,101.0,89.0,323.0,300.0,435.0,282.0,208.0,196.0,498.0,165.0,294.0,173.0,806.0,462.0,150.0,279.0,163.0,327.0,440.0,284.0,345.0,302.0,65.0,353.0,482.0,150.0,517.0,288.0,488.0,248.0,282.0,113.0,333.0,228.0,181.0,325.0,253.0,361.0,333.0,126.0,190.0,248.0,257.0,685.0,315.0,228.0,188.0,367.0,357.0,464.0,220
22,405.0,321.0,394.0,230.0,323.0,263.0,242.0,234.0,196.0,183.0,111.0,240.0,248.0,101.0,242.0,277.0,286.0,60.0,579.0,337.0,376.0,269.0,765.0,659.0,599.0,294.0,134.0,571.0,355.0,105.0,317.0,121.0,275.0,185.0,216.0,315.0,97.0,313.0,218.0,373.0,226.0,310.0,246.0,335.0,611.0,230.0,337.0,148.0,163.0,388.0,238.0,532.0,671.0,331.0,263.0,67.0,248.0,146.0,511.0,230.0,222.0,308.0,498.0,544.0,126.0,204.0,261.0,236.0,248.0,263.0,363.0,75.0,347.0,202.0,117.0,311.0,226.0,413.0,273.0,425.0,253.0,157.0,263.0,123.0,186.0,269.0,208.0,409.0,248.0,306.0,259.0,89.0,136.0,240.0,333.0,282.0,353.0,435.0,446.0,343.0,230
23,171.0,277.0,365.0,119.0,99.0,101.0,323.0,188.0,339.0,392.0,335.0,179.0,601.0,310.0,198.0,236.0,121.0,81.0,177.0,148.0,821.0,474.0,204.0,349.0,800.0,400.0,525.0,396.0,273.0,337.0,234.0,192.0,240.0,244.0,167.0,132.0,438.0,261.0,138.0,319.0,169.0,304.0,132.0,327.0,69.0,212.0,361.0,175.0,310.0,124.0,228.0,400.0,119.0,423.0,603.0,238.0,488.0,277.0,206.0,144.0,91.0,499.0,343.0,405.0,398.0,400.0,265.0,458.0,126.0,238.0,117.0,109.0,87.0,236.0,208.0,577.0,300.0,265.0,240.0,267.0,269.0,373.0,132.0,349.0,99.0,58.0,228.0,130.0,390.0,298.0,251.0,101.0,236.0,253.0,214.0,310.0,138.0,310.0,173.0,284.0,240
24,242.0,452.0,222.0,171.0,355.0,222.0,238.0,222.0,343.0,134.0,163.0,87.0,575.0,97.0,186.0,378.0,152.0,277.0,319.0,216.0,89.0,220.0,417.0,119.0,284.0,290.0,148.0,284.0,248.0,81.0,134.0,188.0,142.0,236.0,179.0,165.0,169.0,450.0,123.0,474.0,115.0,101.0,251.0,382.0,181.0,206.0,226.0,188.0,273.0,246.0,192.0,159.0,335.0,407.0,115.0,267.0,365.0,134.0,423.0,433.0,169.0,177.0,123.0,155.0,290.0,177.0,405.0,190.0,464.0,433.0,93.0,319.0,146.0,89.0,369.0,181.0,173.0,417.0,288.0,111.0,325.0,277.0,111.0,611.0,218.0,155.0,315.0,119.0,134.0,152.0,277.0,136.0,275.0,263.0,292.0,105.0,404.0,163.0,228.0,173.0,250
25,304.0,251.0,248.0,308.0,230.0,325.0,302.0,523.0,275.0,448.0,107.0,169.0,259.0,123.0,277.0,359.0,130.0,259.0,390.0,165.0,81.0,634.0,349.0,288.0,126.0,204.0,113.0,438.0,341.0,177.0,466.0,353.0,212.0,257.0,248.0,304.0,325.0,183.0,181.0,81.0,175.0,146.0,204.0,99.0,200.0,302.0,190.0,134.0,190.0,179.0,140.0,181.0,183.0,138.0,244.0,558.0,257.0,121.0,93.0,382.0,609.0,317.0,109.0,188.0,159.0,286.0,198.0,317.0,81.0,220.0,265.0,317.0,315.0,494.0,351.0,425.0,440.0,232.0,173.0,204.0,253.0,542.0,292.0,157.0,115.0,234.0,208.0,265.0,277.0,206.0,173.0,177.0,171.0,44.0,165.0,150.0,255.0,200.0,290.0,214.0,260
26,175.0,95.0,228.0,54.0,394.0,200.0,190.0,155.0,146.0,206.0,212.0,273.0,173.0,142.0,163.0,186.0,240.0,71.0,248.0,234.0,306.0,265.0,275.0,380.0,413.0,273.0,107.0,220.0,228.0,198.0,101.0,192.0,490.0,190.0,277.0,306.0,246.0,240.0,200.0,128.0,263.0,136.0,325.0,246.0,534.0,265.0,442.0,150.0,302.0,226.0,421.0,65.0,183.0,109.0,446.0,150.0,61.0,398.0,458.0,343.0,452.0,376.0,202.0,186.0,196.0,79.0,230.0,444.0,319.0,140.0,419.0,140.0,99.0,327.0,263.0,337.0,138.0,73.0,214.0,280.0,240.0,175.0,179.0,413.0,183.0,429.0,142.0,282.0,253.0,269.0,333.0,435.0,173.0,204.0,248.0,292.0,558.0,407.0,161.0,214.0,270
27,347.0,269.0,190.0,196.0,212.0,216.0,388.0,119.0,222.0,196.0,290.0,438.0,169.0,196.0,292.0,206.0,558.0,452.0,271.0,234.0,454.0,144.0,89.0,128.0,146.0,421.0,234.0,140.0,188.0,433.0,196.0,228.0,325.0,423.0,251.0,157.0,161.0,333.0,101.0,58.0,329.0,308.0,123.0,242.0,121.0,81.0,343.0,438.0,71.0,429.0,157.0,93.0,376.0,308.0,271.0,93.0,513.0,282.0,169.0,58.0,216.0,306.0,392.0,192.0,185.0,708.0,85.0,128.0,214.0,196.0,113.0,255.0,232.0,123.0,183.0,335.0,593.0,121.0,335.0,255.0,200.0,409.0,396.0,351.0,548.0,214.0,357.0,75.0,181.0,302.0,220.0,202.0,99.0,319.0,363.0,200.0,345.0,282.0,113.0,159.0,280
28,494.0,105.0,234.0,148.0,216.0,244.0,363.0,292.0,121.0,99.0,248.0,155.0,148.0,218.0,124.0,186.0,163.0,109.0,93.0,179.0,290.0,613.0,607.0,54.0,315.0,523.0,563.0,132.0,333.0,273.0,204.0,484.0,154.0,216.0,321.0,111.0,192.0,67.0,679.0,192.0,185.0,373.0,130.0,167.0,126.0,378.0,244.0,306.0,255.0,513.0,226.0,159.0,343.0,200.0,79.0,238.0,462.0,165.0,130.0,224.0,218.0,263.0,329.0,466.0,173.0,152.0,154.0,204.0,181.0,140.0,173.0,311.0,218.0,382.0,179.0,240.0,130.0,152.0,134.0,163.0,380.0,60.0,351.0,507.0,255.0,236.0,222.0,200.0,220.0,54.0,242.0,442.0,93.0,323.0,183.0,226.0,161.0,181.0,142.0,144.0,290
29,167.0,240.0,224.0,246.0,148.0,99.0,355.0,244.0,167.0,154.0,288.0,222.0,246.0,482.0,280.0,288.0,105.0,404.0,275.0,107.0,130.0,157.0,259.0,194.0,246.0,206.0,369.0,771.0,177.0,167.0,224.0,267.0,159.0,99.0,321.0,204.0,119.0,240.0,73.0,93.0,292.0,123.0,413.0,117.0,304.0,202.0,83.0,188.0,204.0,292.0,186.0,169.0,220.0,279.0,136.0,325.0,349.0,470.0,163.0,253.0,335.0,315.0,124.0,111.0,558.0,154.0,128.0,499.0,107.0,220.0,167.0,140.0,181.0,269.0,126.0,341.0,105.0,146.0,85.0,56.0,218.0,97.0,202.0,52.0,134.0,335.0,277.0,134.0,177.0,183.0,97.0,216.0,181.0,111.0,501.0,204.0,81.0,165.0,214.0,210.0,300
30,85.0,261.0,173.0,216.0,121.0,365.0,77.0,376.0,249.0,200.0,251.0,244.0,329.0,404.0,220.0,169.0,232.0,134.0,400.0,87.0,248.0,132.0,298.0,204.0,119.0,52.0,308.0,251.0,313.0,286.0,75.0,296.0,117.0,404.0,359.0,265.0,124.0,181.0,202.0,290.0,188.0,144.0,238.0,204.0,140.0,63.0,214.0,150.0,121.0,121.0,152.0,492.0,130.0,448.0,300.0,452.0,173.0,407.0,259.0,306.0,198.0,67.0,142.0,464.0,113.0,263.0,169.0,71.0,154.0,210.0,556.0,246.0,284.0,202.0,246.0,167.0,454.0,228.0,429.0,343.0,460.0,175.0,79.0,288.0,392.0,248.0,349.0,109.0,154.0,150.0,202.0,63.0,134.0,79.0,60.0,265.0,113.0,263.0,546.0,206.0,310
31,267.0,89.0,263.0,134.0,196.0,244.0,198.0,310.0,341.0,511.0,101.0,181.0,265.0,123.0,157.0,89.0,77.0,206.0,240.0,253.0,119.0,400.0,232.0,390.0,290.0,413.0,144.0,190.0,277.0,204.0,87.0,85.0,177.0,183.0,109.0,132.0,341.0,190.0,384.0,202.0,234.0,188.0,232.0,134.0,192.0,261.0,327.0,154.0,222.0,288.0,302.0,259.0,109.0,327.0,188.0,155.0,103.0,123.0,236.0,138.0,421.0,113.0,374.0,192.0,61.0,280.0,292.0,440.0,73.0,192.0,97.0,109.0,148.0,50.0,267.0,286.0,121.0,337.0,361.0,155.0,200.0,190.0,152.0,119.0,232.0,232.0,263.0,261.0,296.0,169.0,220.0,313.0,218.0,290.0,183.0,290.0,165.0,286.0,69.0,115.0,320
32,257.0,277.0,251.0,224.0,286.0,425.0,113.0,75.0,93.0,249.0,173.0,246.0,115.0,273.0,142.0,183.0,327.0,95.0,476.0,234.0,101.0,310.0,373.0,310.0,185.0,306.0,271.0,244.0,216.0,165.0,398.0,246.0,186.0,279.0,296.0,286.0,97.0,248.0,251.0,361.0,371.0,200.0,113.0,173.0,425.0,593.0,311.0,69.0,132.0,321.0,257.0,302.0,175.0,296.0,286.0,85.0,196.0,363.0,194.0,188.0,238.0,292.0,261.0,196.0,109.0,81.0,339.0,198.0,304.0,279.0,144.0,167.0,244.0,159.0,159.0,121.0,192.0,115.0,343.0,142.0,218.0,329.0,105.0,275.0,315.0,97.0,93.0,138.0,91.0,167.0,167.0,97.0,202.0,351.0,325.0,222.0,212.0,103.0,87.0,409.0,330
33,236.0,308.0,148.0,337.0,222.0,194.0,107.0,329.0,117.0,208.0,248.0,204.0,462.0,327.0,171.0,238.0,171.0,140.0,218.0,306.0,265.0,161.0,103.0,402.0,251.0,226.0,161.0,240.0,294.0,113.0,103.0,115.0,265.0,242.0,75.0,144.0,142.0,269.0,146.0,222.0,142.0,236.0,232.0,130.0,333.0,257.0,259.0,365.0,128.0,113.0,115.0,259.0,181.0,173.0,369.0,253.0,132.0,154.0,224.0,190.0,198.0,386.0,65.0,101.0,587.0,101.0,341.0,232.0,138.0,171.0,248.0,140.0,267.0,308.0,79.0,404.0,446.0,165.0,246.0,371.0,204.0,234.0,115.0,142.0,152.0,290.0,196.0,175.0,327.0,204.0,273.0,251.0,236.0,216.0,242.0,171.0,119.0,192.0,327.0,238.0,340
34,236.0,400.0,81.0,494.0,208.0,148.0,450.0,308.0,109.0,216.0,371.0,154.0,194.0,75.0,81.0,185.0,111.0,107.0,142.0,204.0,204.0,296.0,248.0,253.0,273.0,101.0,277.0,163.0,269.0,138.0,87.0,123.0,198.0,163.0,130.0,244.0,103.0,181.0,103.0,171.0,310.0,117.0,85.0,173.0,140.0,107.0,365.0,200.0,165.0,194.0,200.0,296.0,339.0,236.0,429.0,277.0,198.0,216.0,81.0,234.0,265.0,302.0,175.0,91.0,65.0,323.0,52.0,119.0,202.0,83.0,333.0,124.0,152.0,132.0,69.0,284.0,75.0,534.0,148.0,97.0,128.0,376.0,228.0,159.0,119.0,288.0,226.0,249.0,236.0,185.0,103.0,150.0,183.0,394.0,179.0,234.0,429.0,238.0,175.0,202.0,350
35,179.0,279.0,355.0,329.0,282.0,265.0,192.0,415.0,79.0,204.0,188.0,304.0,87.0,196.0,63.0,111.0,222.0,550.0,341.0,185.0,73.0,196.0,44.0,279.0,292.0,144.0,185.0,345.0,208.0,257.0,173.0,228.0,97.0,440.0,288.0,255.0,210.0,244.0,238.0,571.0,79.0,329.0,376.0,95.0,83.0,186.0,93.0,85.0,186.0,267.0,95.0,220.0,265.0,121.0,511.0,119.0,185.0,206.0,128.0,337.0,259.0,123.0,269.0,109.0,298.0,273.0,192.0,115.0,101.0,208.0,290.0,146.0,163.0,269.0,95.0,71.0,288.0,421.0,265.0,181.0,91.0,159.0,169.0,79.0,140.0,188.0,117.0,232.0,171.0,302.0,292.0,269.0,124.0,226.0,163.0,52.0,224.0,335.0,117.0,255.0,360
36,323.0,411.0,288.0,113.0,115.0,308.0,290.0,242.0,144.0,117.0,75.0,91.0,321.0,136.0,121.0,228.0,220.0,208.0,142.0,113.0,121.0,56.0,173.0,359.0,300.0,126.0,288.0,173.0,280.0,240.0,144.0,194.0,150.0,89.0,226.0,188.0,224.0,208.0,183.0,222.0,202.0,56.0,91.0,202.0,525.0,150.0,61.0,107.0,282.0,200.0,246.0,323.0,248.0,185.0,138.0,109.0,279.0,282.0,138.0,236.0,212.0,69.0,167.0,380.0,165.0,79.0,128.0,269.0,244.0,132.0,119.0,248.0,183.0,310.0,179.0,226.0,113.0,105.0,232.0,123.0,525.0,183.0,251.0,146.0,409.0,325.0,253.0,255.0,171.0,382.0,263.0,552.0,152.0,363.0,273.0,93.0,204.0,202.0,130.0,200.0,370
37,228.0,373.0,161.0,259.0,202.0,119.0,238.0,181.0,313.0,300.0,214.0,198.0,232.0,179.0,179.0,154.0,532.0,190.0,121.0,353.0,206.0,113.0,171.0,359.0,126.0,181.0,267.0,117.0,313.0,148.0,238.0,294.0,146.0,175.0,60.0,128.0,398.0,206.0,150.0,121.0,87.0,337.0,121.0,480.0,218.0,317.0,275.0,208.0,212.0,144.0,111.0,75.0,251.0,188.0,150.0,255.0,222.0,126.0,111.0,81.0,150.0,169.0,179.0,91.0,128.0,165.0,313.0,69.0,196.0,93.0,198.0,355.0,148.0,396.0,208.0,171.0,93.0,244.0,234.0,157.0,246.0,134.0,159.0,361.0,263.0,194.0,292.0,284.0,183.0,194.0,124.0,185.0,56.0,124.0,224.0,111.0,154.0,190.0,220.0,179.0,380
38,347.0,67.0,284.0,167.0,448.0,101.0,329.0,140.0,109.0,167.0,173.0,140.0,196.0,81.0,280.0,230.0,240.0,186.0,130.0,192.0,212.0,251.0,159.0,238.0,210.0,192.0,257.0,200.0,279.0,171.0,93.0,123.0,228.0,99.0,248.0,284.0,390.0,271.0,288.0,290.0,188.0,167.0,132.0,183.0,319.0,113.0,208.0,327.0,113.0,186.0,206.0,136.0,103.0,236.0,359.0,140.0,73.0,91.0,292.0,294.0,267.0,181.0,40.0,140.0,93.0,212.0,159.0,398.0,179.0,222.0,161.0,103.0,63.0,161.0,222.0,263.0,267.0,275.0,173.0,128.0,277.0,181.0,123.0,396.0,157.0,304.0,224.0,161.0,181.0,246.0,95.0,216.0,113.0,212.0,50.0,234.0,91.0,220.0,105.0,123.0,390
39,89.0,107.0,132.0,517.0,259.0,248.0,163.0,117.0,144.0,267.0,134.0,257.0,196.0,161.0,117.0,636.0,150.0,111.0,91.0,85.0,236.0,103.0,140.0,121.0,126.0,378.0,148.0,157.0,275.0,117.0,222.0,97.0,146.0,188.0,91.0,200.0,138.0,159.0,115.0,105.0,302.0,101.0,97.0,136.0,103.0,56.0,97.0,198.0,337.0,306.0,107.0,56.0,271.0,165.0,95.0,222.0,89.0,248.0,192.0,148.0,202.0,177.0,265.0,269.0,357.0,248.0,200.0,337.0,427.0,77.0,313.0,117.0,103.0,144.0,263.0,450.0,220.0,204.0,79.0,226.0,117.0,515.0,140.0,103.0,317.0,179.0,58.0,204.0,121.0,99.0,226.0,89.0,81.0,75.0,58.0,91.0,186.0,128.0,123.0,220.0,400
40,124.0,619.0,382.0,218.0,126.0,85.0,271.0,271.0,101.0,111.0,261.0,216.0,65.0,294.0,85.0,267.0,361.0,109.0,113.0,107.0,542.0,273.0,91.0,194.0,52.0,415.0,310.0,380.0,119.0,206.0,71.0,329.0,365.0,185.0,341.0,240.0,107.0,128.0,132.0,50.0,380.0,190.0,95.0,206.0,109.0,204.0,103.0,234.0,275.0,44.0,146.0,157.0,83.0,148.0,202.0,253.0,79.0,220.0,58.0,222.0,75.0,75.0,185.0,169.0,206.0,300.0,185.0,561.0,310.0,77.0,128.0,138.0,161.0,230.0,132.0,222.0,185.0,144.0,117.0,271.0,99.0,148.0,269.0,150.0,224.0,165.0,165.0,119.0,123.0,157.0,103.0,157.0,275.0,138.0,390.0,306.0,165.0,95.0,103.0,171.0,410
41,515.0,142.0,341.0,321.0,188.0,161.0,236.0,271.0,157.0,296.0,222.0,255.0,81.0,109.0,140.0,144.0,331.0,206.0,226.0,113.0,134.0,194.0,113.0,93.0,236.0,126.0,261.0,294.0,198.0,91.0,50.0,126.0,117.0,282.0,242.0,154.0,438.0,136.0,136.0,154.0,236.0,319.0,169.0,105.0,46.0,304.0,315.0,327.0,240.0,73.0,97.0,105.0,67.0,69.0,185.0,119.0,212.0,97.0,155.0,91.0,286.0,126.0,181.0,123.0,279.0,198.0,167.0,216.0,212.0,101.0,109.0,81.0,179.0,123.0,165.0,109.0,169.0,222.0,371.0,194.0,144.0,386.0,119.0,121.0,115.0,56.0,204.0,91.0,173.0,206.0,186.0,77.0,371.0,279.0,186.0,128.0,93.0,288.0,150.0,355.0,420
42,196.0,111.0,121.0,273.0,198.0,271.0,210.0,273.0,242.0,261.0,279.0,206.0,378.0,154.0,89.0,238.0,123.0,113.0,128.0,89.0,321.0,279.0,154.0,99.0,115.0,132.0,188.0,246.0,152.0,87.0,210.0,75.0,216.0,65.0,380.0,222.0,275.0,91.0,81.0,306.0,186.0,101.0,369.0,194.0,95.0,105.0,159.0,284.0,169.0,206.0,171.0,253.0,224.0,290.0,83.0,202.0,67.0,140.0,58.0,89.0,63.0,242.0,165.0,169.0,192.0,85.0,69.0,234.0,169.0,263.0,373.0,109.0,109.0,482.0,95.0,192.0,218.0,46.0,321.0,179.0,242.0,288.0,186.0,140.0,202.0,347.0,128.0,117.0,175.0,152.0,181.0,154.0,478.0,123.0,140.0,95.0,311.0,91.0,394.0,341.0,430
43,185.0,65.0,286.0,188.0,93.0,150.0,226.0,234.0,150.0,146.0,85.0,99.0,152.0,232.0,136.0,111.0,124.0,363.0,150.0,97.0,218.0,311.0,341.0,206.0,146.0,165.0,111.0,374.0,154.0,224.0,261.0,148.0,155.0,185.0,292.0,67.0,89.0,121.0,218.0,284.0,161.0,290.0,165.0,101.0,89.0,294.0,111.0,378.0,206.0,138.0,146.0,107.0,236.0,186.0,407.0,107.0,130.0,134.0,212.0,265.0,308.0,224.0,476.0,128.0,85.0,204.0,240.0,138.0,58.0,185.0,165.0,148.0,269.0,95.0,152.0,240.0,144.0,144.0,154.0,196.0,124.0,202.0,238.0,159.0,311.0,390.0,142.0,119.0,119.0,107.0,325.0,95.0,144.0,171.0,63.0,73.0,150.0,255.0,300.0,73.0,440
44,111.0,117.0,220.0,63.0,99.0,101.0,130.0,87.0,69.0,105.0,99.0,175.0,204.0,431.0,490.0,220.0,249.0,61.0,460.0,175.0,144.0,179.0,292.0,79.0,121.0,134.0,99.0,230.0,255.0,249.0,132.0,128.0,113.0,163.0,150.0,117.0,111.0,218.0,87.0,152.0,81.0,185.0,163.0,257.0,206.0,63.0,210.0,161.0,93.0,79.0,138.0,279.0,126.0,246.0,238.0,208.0,134.0,138.0,71.0,71.0,325.0,242.0,140.0,115.0,269.0,261.0,157.0,210.0,161.0,138.0,159.0,196.0,290.0,63.0,306.0,240.0,259.0,128.0,269.0,222.0,202.0,363.0,222.0,343.0,138.0,44.0,226.0,284.0,165.0,261.0,257.0,248.0,206.0,192.0,216.0,67.0,202.0,136.0,228.0,154.0,450
45,244.0,234.0,50.0,165.0,132.0,265.0,271.0,132.0,99.0,269.0,83.0,56.0,89.0,230.0,134.0,232.0,157.0,367.0,146.0,154.0,159.0,101.0,134.0,279.0,365.0,159.0,109.0,259.0,157.0,77.0,85.0,115.0,150.0,167.0,52.0,134.0,117.0,273.0,97.0,101.0,144.0,93.0,119.0,75.0,327.0,261.0,87.0,212.0,95.0,186.0,188.0,65.0,167.0,306.0,93.0,152.0,148.0,253.0,192.0,349.0,265.0,198.0,208.0,179.0,183.0,306.0,138.0,115.0,275.0,242.0,468.0,103.0,155.0,124.0,188.0,269.0,87.0,371.0,154.0,95.0,132.0,222.0,85.0,282.0,206.0,242.0,298.0,67.0,79.0,130.0,83.0,284.0,228.0,95.0,65.0,63.0,142.0,142.0,240.0,159.0,460
46,150.0,123.0,89.0,232.0,79.0,115.0,93.0,212.0,148.0,93.0,81.0,117.0,208.0,130.0,97.0,288.0,101.0,132.0,113.0,85.0,85.0,244.0,67.0,396.0,275.0,177.0,157.0,52.0,134.0,123.0,240.0,132.0,136.0,183.0,138.0,167.0,173.0,144.0,173.0,103.0,107.0,163.0,202.0,311.0,210.0,240.0,214.0,150.0,75.0,165.0,238.0,226.0,83.0,382.0,218.0,273.0,54.0,171.0,169.0,273.0,75.0,121.0,136.0,71.0,113.0,192.0,179.0,95.0,290.0,79.0,154.0,56.0,279.0,261.0,273.0,97.0,183.0,294.0,117.0,204.0,121.0,321.0,325.0,56.0,222.0,83.0,333.0,226.0,103.0,87.0,188.0,58.0,202.0,271.0,152.0,188.0,169.0,148.0,347.0,152.0,470
47,188.0,113.0,341.0,244.0,265.0,333.0,123.0,232.0,142.0,101.0,313.0,136.0,173.0,132.0,253.0,257.0,292.0,154.0,200.0,165.0,124.0,361.0,192.0,67.0,150.0,220.0,132.0,343.0,148.0,67.0,65.0,91.0,132.0,81.0,128.0,77.0,327.0,240.0,123.0,79.0,210.0,175.0,130.0,144.0,222.0,194.0,188.0,75.0,286.0,214.0,194.0,61.0,173.0,146.0,282.0,261.0,85.0,196.0,95.0,107.0,319.0,186.0,128.0,115.0,183.0,56.0,95.0,327.0,248.0,234.0,167.0,79.0,185.0,232.0,525.0,121.0,244.0,298.0,288.0,77.0,265.0,310.0,161.0,140.0,91.0,165.0,140.0,123.0,244.0,290.0,200.0,111.0,246.0,302.0,144.0,63.0,144.0,91.0,175.0,343.0,480
48,146.0,150.0,171.0,173.0,228.0,161.0,251.0,202.0,79.0,190.0,181.0,220.0,123.0,167.0,124.0,273.0,257.0,89.0,196.0,138.0,56.0,121.0,97.0,202.0,140.0,140.0,167.0,111.0,220.0,163.0,132.0,77.0,220.0,181.0,130.0,132.0,163.0,333.0,85.0,155.0,175.0,119.0,148.0,159.0,269.0,181.0,171.0,202.0,157.0,113.0,134.0,169.0,126.0,192.0,169.0,353.0,140.0,105.0,345.0,99.0,179.0,234.0,267.0,97.0,167.0,157.0,91.0,128.0,107.0,165.0,157.0,115.0,253.0,284.0,113.0,310.0,474.0,177.0,152.0,87.0,169.0,282.0,126.0,103.0,517.0,157.0,218.0,79.0,188.0,315.0,238.0,150.0,73.0,210.0,315.0,146.0,240.0,101.0,163.0,206.0,490
49,190.0,77.0,175.0,228.0,248.0,242.0,75.0,71.0,109.0,101.0,93.0,152.0,163.0,105.0,124.0,292.0,132.0,238.0,109.0,177.0,269.0,138.0,273.0,132.0,144.0,56.0,208.0,308.0,185.0,154.0,212.0,249.0,355.0,126.0,123.0,75.0,242.0,128.0,210.0,138.0,194.0,357.0,190.0,216.0,280.0,249.0,128.0,218.0,339.0,198.0,204.0,81.0,456.0,56.0,181.0,111.0,144.0,115.0,117.0,123.0,155.0,107.0,204.0,380.0,257.0,93.0,337.0,242.0,79.0,77.0,93.0,140.0,69.0,188.0,119.0,224.0,101.0,167.0,302.0,280.0,194.0,181.0,50.0,327.0,169.0,148.0,210.0,210.0,240.0,226.0,327.0,71.0,144.0,228.0,249.0,150.0,161.0,226.0,179.0,396.0,500
